Age Included,Age Excluded,Sex/Gender Included,Sex/Gender Excluded
age,adv_substage,Biological_sex,#Sex Partners
Age,age of flies,biological_sex,Age Start Sexual Life
age group,Age Start Sexual Life,demographics_gender,Array's reference DNA's sex
age in years,agedayswhenrbwasdiagnosedandmicewassacrificed,gender,ArrayExpress-Sex
age orthogonal polynomial linear term,agent,Gender,ArrayExpress-SEX
age orthogonal polynomial quadratic term,ArrayExpress-DevelopmentalStage,GENDER,days_since_sex
Age range,attribute_package,Gender_num,gender_restroom
age unit,biofilm_age,Host Sex,more_than_1_sex_partner
Age(months),Body_fat_percentage,host sex,Oral_sex_past2year
Age_at_collection,Cage,host_ sex,sexual_act
age_at_collection,cage,host_other_gender,sexual_activity
Age_at_sample_collection,Cage#,Host_Sex,sexual_practice
age_at_sample_collection,cage_id,host_sex,
age_at_sampling,cage_number,host_sex (1=male,
age_category,characteristics: developmental stage,host_sexual_orientation,
Age_gp,chem_mutagen,hostgender,
Age_Group,culture passage method,hostSex,
age_of_the_patients,dev stage,Infant_gender,
Age_range,dev-stage,Patient_gender,
Age_Weeks,dev_stage,sex,
AgeCat,development stage,Sex,
AgeCat_SampleType,developmental stage,SEX,
AgeStatus,developmental stage/tissue,sex type,
ageUnit,developmental stages,sex_condition,
antibiotic_treatment_age,DevelopmentalStage,SEXO,
ArrayExpress-Age,devStage,,
built_struc_age,DIFFERENTIATION_STAGE,,
expired_age,disease stage,,
gestation_age_at_birth,disease_stage,,
gestation_age_at_birth_units,DiseaseStage,,
gestation_age_at_birth_weeks,Do_you_drink_caffeinated_beverages,,
gestational_age_at_discharge_or_transfer_wks,drainage_class,,
gestatonal_age_at_birth_wk,drug_usage,,
host age,embryonic stage,,
host_age,Endo_stage,,
Host_Age,env package,,
host_age_days,env_package,,
host_age_units,environmental package,,
host_age_yrs,fiebigstage,,
infant_age,finishing strategy (depth of coverage),,
InfantAgeInDays,gestation_stage,,
Maternal age,GOLD stage,,
maternal_age,host life stage,,
maternal_age_units,host subspecific genetic lineage,,
maternal_age_years,host-associated environmental package,,
maternal_age_yrs,host_cage,,
Menarche Age,host_disease_stage,,
orig_host_age,host_life_stage,,
patient_age,hostAge,,
Patient_age_at_ICU_Admission,hostAgeUnit,,
post-menstrual age at swab in weeks,human gut environmental package,,
sd_age,IRS TNM Stage,,
study_eligibility_age_at_endo,labeling agent,,
,life cycle stage information,,
,lifestage,,
,lineage,,
,LINEAGE,,
,lineage/clade name,,
,macrophages,,
,MAG coverage software,,
,mechanical_damage,,
,metagenome-source,,
,metagenomic,,
,metagenomic source,,
,miscellaneous environmental package,,
,mosquito_stage,,
,mouse age,,
,package,,
,passage,,
,PASSAGE,,
,passage_history,,
,passages,,
,Pathological stage,,
,Pathological stage brief,,
,plant developmental stage,,
,plant structure development stage,,
,plant-associated environmental package,,
,rage,,
,rop_stage,,
,samp_dis_stage,,
,sample storage buffer,,
,sample storage location,,
,sample storage temperature,,
,sediment environmental package,,
,selection_agent,,
,soil environmental package,,
,specimen with known storage state,,
,Specimen with known storage state,,
,Stage,,
,stage,,
,stage2,,
,stage_all,,
,stages,,
,storage,,
,storageDuration,,
,storageLocation,,
,storageTemperature,,
,study_stage,,
,tidal stage,,
,tidal stage information,,
,tillage_history,,
,toothbrush_age,,
,toothbrush_storage_location,,
,tumor stage,,
,Tumor Stage,,
,water environmental package,,

SUMMARY (ALL STUDIES),,,
Age included keys: 53,Age excluded keys: 106,Sex included keys: 25,Sex excluded keys: 12
Studies with age: 346/1175 (29.4%),,Studies with sex: 417/1175 (35.5%),
