Antibiotic Included,Antibiotic Excluded,Antibiotic Value-Inspect
antibiotic,Anti_inflammatory_drugs,treatment
antibiotics,Indigestion_drugs,Treatment
Antibiotic,Chemotherapy,ClinicalTreatment
Antibiotics,Radiotherapy,ClinincalTreatment
ANTIBIOTICS,BCG treatment,clinical treatment
antibiotic_use,microbiome_treatment,treatment_group
antibiotic_usage,IPOP treatment,treatmentgroup
antibiotic_used,animal treatment,experimental_treatment
antibiotic_exposure,sample treatment,treatment time
antibiotics_exposure,Anti-TNF,treatment_type
antibiotic_treatment,anti_tnf,therapy
antibiotics_treatment,immunotherapy,Therapy
antibiotic_therapy,Immunotherapy,medication
antibiotic_status,probiotic,Medication
antibiotics_status,probiotics,medications
antibiotic_history,Probiotics,drug
antibiotic_intake,prebiotic,Drug
antibiotic_administration,prebiotics,drugs
antibiotic_course,synbiotic,drug_usage
antibiotic_name,antifungal,drug_use
antibiotic_type,antifungals,ihmc_medication_code
antibiotic_class,antiviral,intervention
antibiotic_dose,antivirals,Intervention
antibiotic_duration,antiretroviral,exposure
antibiotic_start_date,art_status,Exposure
antibiotic_end_date,vaccine,prophylaxis
antibiotic_last_use,vaccination,Prophylaxis
antibiotic_12m,steroid,regimen
antibiotic_30d,steroids,Regimen
antibiotic_3m,corticosteroid,
antibiotic_6m,corticosteroids,
antibiotic_1y,ppi,
antibiotic_last_month,proton_pump_inhibitor,
antibiotic_last_3_months,metformin,
antibiotic_last_6_months,statin,
antibiotic_use_in_last_month,statins,
antibiotic_within_3_months,nsaid,
antibiotic_treatment_age,nsaids,
antibiotic_free,contraceptive,
antibiotic_naive,birth control,
current_antibiotics,hormone_therapy,
Antibiotics_current,,
recent_antibiotics,,
recent_abx,,
prior_antibiotics,,
previous_antibiotics,,
past_antibiotics,,
Antibiotics_past_3_months,,
antibiotics past 3 months,,
antibiotics_last_month,,
antibiotics_6months,,
abx,,
Abx,,
ABX,,
abx_status,,
abx_use,,
abx_exposure,,
abx_treatment,,
days_on_abx,,
abx_during_pregnancy,,
abx_for_chorio,,
abx_for_pprom,,
abx_intrapartum,,
intrapartum_antibiotics,,
maternal_antibiotics,,
perinatal_antibiotics,,
neonatal_antibiotics,,
antibiotic_azithromycin,,
antibiotic_bactrim,,
antibiotic_cayston,,
antibiotic_ciprofloxacin,,
antibiotic_amoxicillin,,
antibiotic_vancomycin,,
antibiotic_metronidazole,,
antibiotic_doxycycline,,
antibiotic_clindamycin,,
antibiotic_rifaximin,,
post_CLAD_azithromycin,,
amoxicillin,,
azithromycin,,
ciprofloxacin,,
metronidazole,,
vancomycin,,
doxycycline,,
clindamycin,,
cephalosporin,,
ceftriaxone,,
penicillin,,
rifaximin,,
gentamicin,,
levofloxacin,,
trimethoprim,,
nitrofurantoin,,
antimicrobial,,
antimicrobials,,
antimicrobial_use,,
antimicrobial_therapy,,
antibacterial,,
antibacterial_use,,
